horizon,forecast_time,predicted_W,predicted_kW
h+1,2023-03-12 14:00:00+05:30,109848.3,109.8483
h+2,2023-03-12 15:00:00+05:30,42319.594,42.319595
h+3,2023-03-12 16:00:00+05:30,19055.268,19.055267
h+4,2023-03-12 17:00:00+05:30,4887.6484,4.8876486
h+5,2023-03-12 18:00:00+05:30,3255.4414,3.2554414
h+6,2023-03-12 19:00:00+05:30,2034.3583,2.0343583
h+7,2023-03-12 20:00:00+05:30,25180.234,25.180235
h+8,2023-03-12 21:00:00+05:30,51252.867,51.25287
h+9,2023-03-12 22:00:00+05:30,106551.85,106.55185
h+10,2023-03-12 23:00:00+05:30,152912.98,152.91298
h+11,2023-03-13 00:00:00+05:30,138047.16,138.04715
h+12,2023-03-13 01:00:00+05:30,131784.72,131.78471
h+13,2023-03-13 02:00:00+05:30,145774.7,145.7747
h+14,2023-03-13 03:00:00+05:30,160539.05,160.53905
h+15,2023-03-13 04:00:00+05:30,135294.08,135.29408
h+16,2023-03-13 05:00:00+05:30,141197.75,141.19775
h+17,2023-03-13 06:00:00+05:30,95500.88,95.500885
h+18,2023-03-13 07:00:00+05:30,59420.242,59.420242
h+19,2023-03-13 08:00:00+05:30,64631.86,64.63186
h+20,2023-03-13 09:00:00+05:30,94275.195,94.27519
h+21,2023-03-13 10:00:00+05:30,66255.86,66.25586
h+22,2023-03-13 11:00:00+05:30,62633.67,62.63367
h+23,2023-03-13 12:00:00+05:30,81908.19,81.90819
h+24,2023-03-13 13:00:00+05:30,73890.24,73.89024
