date,hour,target_datetime,predicted_pv_kW,cloud_cover_%,GHI_Wm2,temp_C,pvlib_clearsky_kW,weather
2026-04-02,00:00,2026-04-02 00:00,0.0,100.0,0.0,26.7,0.0,overcast clouds
2026-04-02,01:00,2026-04-02 01:00,0.0,100.0,0.0,26.4,0.0,overcast clouds
2026-04-02,02:00,2026-04-02 02:00,0.006,100.0,0.0,26.1,0.0,light rain
2026-04-02,03:00,2026-04-02 03:00,0.024,100.0,0.0,25.9,0.0,light rain
2026-04-02,04:00,2026-04-02 04:00,0.05,100.0,0.0,25.7,0.0,overcast clouds
2026-04-02,05:00,2026-04-02 05:00,0.078,100.0,0.0,25.5,0.0,overcast clouds
2026-04-02,06:00,2026-04-02 06:00,0.239,98.0,0.0,25.5,0.0,overcast clouds
2026-04-02,07:00,2026-04-02 07:00,0.731,81.0,70.3,26.3,20.97,broken clouds
2026-04-02,08:00,2026-04-02 08:00,1.623,89.0,182.4,27.4,57.3,overcast clouds
2026-04-02,09:00,2026-04-02 09:00,2.616,92.0,266.3,28.6,83.56,overcast clouds
2026-04-02,10:00,2026-04-02 10:00,3.266,93.0,334.7,29.2,104.68,overcast clouds
2026-04-02,11:00,2026-04-02 11:00,3.523,94.0,369.0,29.8,115.3,overcast clouds
2026-04-02,12:00,2026-04-02 12:00,3.668,100.0,249.6,30.0,78.77,overcast clouds
2026-04-02,13:00,2026-04-02 13:00,3.804,99.0,268.9,29.6,85.1,overcast clouds
2026-04-02,14:00,2026-04-02 14:00,3.704,90.0,418.2,29.2,131.08,light rain
2026-04-02,15:00,2026-04-02 15:00,3.081,90.0,338.2,29.6,106.19,overcast clouds
2026-04-02,16:00,2026-04-02 16:00,2.016,92.0,211.7,28.7,66.59,light rain
2026-04-02,17:00,2026-04-02 17:00,0.973,93.0,94.8,27.9,28.93,moderate rain
2026-04-02,18:00,2026-04-02 18:00,0.321,100.0,2.9,27.4,0.0,moderate rain
2026-04-02,19:00,2026-04-02 19:00,0.068,89.0,0.0,27.5,0.0,light rain
2026-04-02,20:00,2026-04-02 20:00,0.0,82.0,0.0,27.3,0.0,light rain
2026-04-02,21:00,2026-04-02 21:00,0.0,77.0,0.0,27.2,0.0,broken clouds
2026-04-02,22:00,2026-04-02 22:00,0.0,64.0,0.0,27.0,0.0,broken clouds
2026-04-02,23:00,2026-04-02 23:00,0.0,55.0,0.0,26.6,0.0,light rain
2026-04-03,00:00,2026-04-03 00:00,0.078,12.0,0.0,26.6,0.0,light rain
2026-04-03,01:00,2026-04-03 01:00,0.013,17.0,0.0,26.7,0.0,few clouds
2026-04-03,02:00,2026-04-03 02:00,0.0,41.0,0.0,26.6,0.0,scattered clouds
2026-04-03,03:00,2026-04-03 03:00,0.0,50.0,0.0,26.6,0.0,scattered clouds
2026-04-03,04:00,2026-04-03 04:00,0.0,47.0,0.0,26.5,0.0,scattered clouds
2026-04-03,05:00,2026-04-03 05:00,0.0,44.0,0.0,26.5,0.0,scattered clouds
2026-04-03,06:00,2026-04-03 06:00,0.232,28.0,0.0,26.5,0.0,scattered clouds
2026-04-03,07:00,2026-04-03 07:00,0.946,25.0,111.9,27.4,34.18,scattered clouds
2026-04-03,08:00,2026-04-03 08:00,2.153,29.0,365.7,28.2,113.77,scattered clouds
2026-04-03,09:00,2026-04-03 09:00,3.664,32.0,603.6,29.1,183.23,scattered clouds
2026-04-03,10:00,2026-04-03 10:00,4.775,35.0,792.1,29.8,234.7,scattered clouds
2026-04-03,11:00,2026-04-03 11:00,4.542,44.0,897.6,30.1,263.47,scattered clouds
2026-04-03,12:00,2026-04-03 12:00,3.159,100.0,249.5,30.1,78.64,overcast clouds
2026-04-03,13:00,2026-04-03 13:00,2.233,100.0,244.2,30.0,77.03,overcast clouds
2026-04-03,14:00,2026-04-03 14:00,2.386,100.0,219.5,29.7,69.31,overcast clouds
2026-04-03,15:00,2026-04-03 15:00,2.468,93.0,293.9,29.5,92.47,overcast clouds
2026-04-03,16:00,2026-04-03 16:00,1.683,88.0,249.8,29.2,78.4,overcast clouds
2026-04-03,17:00,2026-04-03 17:00,0.672,92.0,99.3,28.7,30.22,overcast clouds
2026-04-03,18:00,2026-04-03 18:00,0.145,100.0,2.9,28.2,0.0,overcast clouds
2026-04-03,19:00,2026-04-03 19:00,0.102,96.0,0.0,27.9,0.0,overcast clouds
2026-04-03,20:00,2026-04-03 20:00,0.11,69.0,0.0,27.9,0.0,broken clouds
2026-04-03,21:00,2026-04-03 21:00,0.048,57.0,0.0,27.6,0.0,broken clouds
2026-04-03,22:00,2026-04-03 22:00,0.033,51.0,0.0,27.5,0.0,broken clouds
2026-04-03,23:00,2026-04-03 23:00,0.031,48.0,0.0,27.3,0.0,scattered clouds
2026-04-04,00:00,2026-04-04 00:00,0.081,10.0,0.0,27.1,0.0,clear sky
2026-04-04,01:00,2026-04-04 01:00,0.076,25.0,0.0,26.9,0.0,scattered clouds
2026-04-04,02:00,2026-04-04 02:00,0.098,32.0,0.0,26.9,0.0,scattered clouds
2026-04-04,03:00,2026-04-04 03:00,0.065,28.0,0.0,26.8,0.0,scattered clouds
2026-04-04,04:00,2026-04-04 04:00,0.0,25.0,0.0,26.7,0.0,scattered clouds
2026-04-04,05:00,2026-04-04 05:00,0.0,25.0,0.0,26.6,0.0,scattered clouds
2026-04-04,06:00,2026-04-04 06:00,0.202,37.0,0.0,26.6,0.0,scattered clouds
2026-04-04,07:00,2026-04-04 07:00,1.034,22.0,113.8,27.6,34.64,few clouds
2026-04-04,08:00,2026-04-04 08:00,2.319,19.0,370.5,28.6,114.78,few clouds
2026-04-04,09:00,2026-04-04 09:00,3.674,17.0,613.2,29.2,186.33,few clouds
2026-04-04,10:00,2026-04-04 10:00,4.837,16.0,808.6,29.6,240.63,few clouds
2026-04-04,11:00,2026-04-04 11:00,5.719,14.0,940.1,29.8,275.59,few clouds
2026-04-04,12:00,2026-04-04 12:00,6.014,7.0,997.7,29.9,291.18,clear sky
2026-04-04,13:00,2026-04-04 13:00,5.256,3.0,975.9,29.8,285.69,clear sky
2026-04-04,14:00,2026-04-04 14:00,3.443,,,,,
2026-04-04,15:00,2026-04-04 15:00,1.492,,,,,
2026-04-04,16:00,2026-04-04 16:00,0.441,,,,,
2026-04-04,17:00,2026-04-04 17:00,0.166,,,,,
2026-04-04,18:00,2026-04-04 18:00,0.003,,,,,
2026-04-04,19:00,2026-04-04 19:00,0.0,,,,,
2026-04-04,20:00,2026-04-04 20:00,0.0,,,,,
2026-04-04,21:00,2026-04-04 21:00,0.0,,,,,
2026-04-04,22:00,2026-04-04 22:00,0.0,,,,,
2026-04-04,23:00,2026-04-04 23:00,0.163,,,,,
2026-04-22,00:00,2026-04-22 00:00,0.0,48.0,0.0,27.6,0.0,scattered clouds
2026-04-22,01:00,2026-04-22 01:00,0.0,68.0,0.0,27.6,0.0,broken clouds
2026-04-22,02:00,2026-04-22 02:00,0.0,81.0,0.0,27.6,0.0,broken clouds
2026-04-22,03:00,2026-04-22 03:00,0.0,82.0,0.0,27.4,0.0,broken clouds
2026-04-22,04:00,2026-04-22 04:00,0.02,80.0,0.0,27.3,0.0,broken clouds
2026-04-22,05:00,2026-04-22 05:00,0.023,76.0,0.0,27.3,0.0,broken clouds
2026-04-22,06:00,2026-04-22 06:00,0.075,43.0,0.0,27.6,0.0,scattered clouds
2026-04-22,07:00,2026-04-22 07:00,0.522,37.0,135.9,28.4,39.6,scattered clouds
2026-04-22,08:00,2026-04-22 08:00,1.602,51.0,361.6,29.2,108.51,broken clouds
2026-04-22,09:00,2026-04-22 09:00,3.062,56.0,559.5,29.9,166.69,broken clouds
2026-04-22,10:00,2026-04-22 10:00,4.375,52.0,744.6,30.3,218.6,broken clouds
2026-04-22,11:00,2026-04-22 11:00,5.236,49.0,870.9,30.5,252.47,scattered clouds
2026-04-22,12:00,2026-04-22 12:00,5.649,7.0,982.2,30.6,281.58,clear sky
2026-04-22,13:00,2026-04-22 13:00,5.771,22.0,951.1,30.8,273.29,few clouds
2026-04-22,14:00,2026-04-22 14:00,5.629,35.0,835.9,30.5,243.67,scattered clouds
2026-04-22,15:00,2026-04-22 15:00,4.941,30.0,677.2,30.1,200.29,scattered clouds
2026-04-22,16:00,2026-04-22 16:00,3.467,32.0,457.3,29.9,136.92,scattered clouds
2026-04-22,17:00,2026-04-22 17:00,1.733,43.0,204.3,29.5,60.49,scattered clouds
2026-04-22,18:00,2026-04-22 18:00,0.572,98.0,2.6,28.8,0.0,overcast clouds
2026-04-22,19:00,2026-04-22 19:00,0.132,99.0,0.0,28.5,0.0,overcast clouds
2026-04-22,20:00,2026-04-22 20:00,0.012,92.0,0.0,28.4,0.0,overcast clouds
2026-04-22,21:00,2026-04-22 21:00,0.0,83.0,0.0,28.3,0.0,broken clouds
2026-04-22,22:00,2026-04-22 22:00,0.0,75.0,0.0,28.1,0.0,broken clouds
2026-04-22,23:00,2026-04-22 23:00,0.0,66.0,0.0,27.9,0.0,broken clouds
2026-04-23,00:00,2026-04-23 00:00,0.0,71.0,0.0,27.8,0.0,broken clouds
2026-04-23,01:00,2026-04-23 01:00,0.007,56.0,0.0,27.7,0.0,broken clouds
2026-04-23,02:00,2026-04-23 02:00,0.037,59.0,0.0,27.6,0.0,broken clouds
2026-04-23,03:00,2026-04-23 03:00,0.017,70.0,0.0,27.6,0.0,broken clouds
2026-04-23,04:00,2026-04-23 04:00,0.0,76.0,0.0,27.7,0.0,light rain
2026-04-23,05:00,2026-04-23 05:00,0.0,81.0,0.0,27.7,0.0,light rain
2026-04-23,06:00,2026-04-23 06:00,0.053,99.0,0.0,27.7,0.0,overcast clouds
2026-04-23,07:00,2026-04-23 07:00,0.344,99.0,38.6,28.5,9.91,light rain
2026-04-23,08:00,2026-04-23 08:00,0.879,99.0,107.8,29.4,31.98,overcast clouds
2026-04-23,09:00,2026-04-23 09:00,1.505,99.0,171.9,30.0,52.43,overcast clouds
2026-04-23,10:00,2026-04-23 10:00,2.147,99.0,222.9,30.4,68.51,overcast clouds
2026-04-23,11:00,2026-04-23 11:00,2.708,99.0,256.4,30.7,79.02,overcast clouds
2026-04-23,12:00,2026-04-23 12:00,2.939,100.0,245.2,30.9,75.66,overcast clouds
2026-04-23,13:00,2026-04-23 13:00,2.775,100.0,238.4,30.8,73.58,overcast clouds
2026-04-23,14:00,2026-04-23 14:00,2.402,100.0,213.1,30.4,65.64,overcast clouds
2026-04-23,15:00,2026-04-23 15:00,1.851,100.0,171.1,30.1,52.31,overcast clouds
2026-04-23,16:00,2026-04-23 16:00,1.129,100.0,115.8,29.8,34.61,overcast clouds
2026-04-23,17:00,2026-04-23 17:00,0.497,100.0,53.2,29.5,14.5,overcast clouds
2026-04-23,18:00,2026-04-23 18:00,0.176,91.0,3.9,28.8,0.0,overcast clouds
2026-04-23,19:00,2026-04-23 19:00,0.069,74.0,0.0,28.6,0.0,broken clouds
2026-04-23,20:00,2026-04-23 20:00,0.003,78.0,0.0,28.5,0.0,broken clouds
2026-04-23,21:00,2026-04-23 21:00,0.0,72.0,0.0,28.4,0.0,broken clouds
2026-04-23,22:00,2026-04-23 22:00,0.0,74.0,0.0,28.2,0.0,broken clouds
2026-04-23,23:00,2026-04-23 23:00,0.064,77.0,0.0,28.1,0.0,broken clouds
2026-04-24,00:00,2026-04-24 00:00,0.0,94.0,0.0,28.0,0.0,overcast clouds
2026-04-24,01:00,2026-04-24 01:00,0.0,98.0,0.0,27.9,0.0,overcast clouds
2026-04-24,02:00,2026-04-24 02:00,0.0,99.0,0.0,27.9,0.0,light rain
2026-04-24,03:00,2026-04-24 03:00,0.0,99.0,0.0,28.0,0.0,light rain
2026-04-24,04:00,2026-04-24 04:00,0.015,99.0,0.0,28.0,0.0,light rain
2026-04-24,05:00,2026-04-24 05:00,0.017,98.0,0.0,28.2,0.0,light rain
2026-04-24,06:00,2026-04-24 06:00,0.015,86.0,0.0,28.3,0.0,light rain
2026-04-24,07:00,2026-04-24 07:00,0.348,90.0,67.2,28.8,18.63,light rain
2026-04-24,08:00,2026-04-24 08:00,1.406,93.0,162.4,29.7,48.73,light rain
2026-04-24,09:00,2026-04-24 09:00,2.968,76.0,440.3,29.8,132.75,light rain
2026-04-24,10:00,2026-04-24 10:00,4.133,72.0,610.6,30.0,182.15,light rain
2026-04-24,11:00,2026-04-24 11:00,4.424,74.0,679.9,30.0,202.08,light rain
2026-04-24,12:00,2026-04-24 12:00,4.304,94.0,384.3,30.0,117.87,light rain
2026-04-24,13:00,2026-04-24 13:00,4.435,93.0,394.2,30.1,120.67,light rain
2026-04-24,14:00,2026-04-24 14:00,4.618,77.0,588.4,29.9,176.33,light rain
2026-04-24,15:00,2026-04-24 15:00,4.064,71.0,523.0,29.9,156.75,light rain
2026-04-24,16:00,2026-04-24 16:00,2.577,86.0,254.6,29.9,76.97,overcast clouds
2026-04-24,17:00,2026-04-24 17:00,1.019,82.0,131.0,29.3,38.27,broken clouds
2026-04-24,18:00,2026-04-24 18:00,0.181,33.0,8.3,28.7,0.43,scattered clouds
2026-04-24,19:00,2026-04-24 19:00,0.004,29.0,0.0,28.6,0.0,scattered clouds
2026-04-24,20:00,2026-04-24 20:00,0.0,31.0,0.0,28.5,0.0,scattered clouds
2026-04-24,21:00,2026-04-24 21:00,0.0,44.0,0.0,28.5,0.0,scattered clouds
2026-04-24,22:00,2026-04-24 22:00,0.0,55.0,0.0,28.0,0.0,light rain
2026-04-24,23:00,2026-04-24 23:00,0.0,53.0,0.0,27.7,0.0,moderate rain
2026-04-25,00:00,2026-04-25 00:00,0.0,50.0,0.0,27.4,0.0,moderate rain
2026-04-25,01:00,2026-04-25 01:00,0.018,77.0,0.0,27.4,0.0,moderate rain
2026-04-25,02:00,2026-04-25 02:00,0.028,85.0,0.0,27.4,0.0,light rain
2026-04-25,03:00,2026-04-25 03:00,0.015,88.0,0.0,27.3,0.0,light rain
2026-04-25,04:00,2026-04-25 04:00,0.011,91.0,0.0,26.8,0.0,moderate rain
2026-04-25,05:00,2026-04-25 05:00,0.0,92.0,0.0,26.5,0.0,moderate rain
2026-04-25,06:00,2026-04-25 06:00,0.0,100.0,0.0,26.5,0.0,moderate rain
2026-04-25,07:00,2026-04-25 07:00,0.172,100.0,35.6,27.1,8.97,moderate rain
2026-04-25,08:00,2026-04-25 08:00,0.701,100.0,98.2,28.5,28.99,light rain
2026-04-25,09:00,2026-04-25 09:00,1.469,100.0,156.1,29.2,47.51,overcast clouds
2026-04-25,10:00,2026-04-25 10:00,2.168,100.0,202.1,29.9,62.06,overcast clouds
2026-04-25,11:00,2026-04-25 11:00,2.632,100.0,232.4,30.5,71.48,overcast clouds
2026-04-25,12:00,2026-04-25 12:00,2.85,100.0,244.5,30.7,75.3,overcast clouds
2026-04-25,13:00,2026-04-25 13:00,2.862,100.0,237.7,30.6,73.19,overcast clouds
2026-04-25,14:00,2026-04-25 14:00,2.666,100.0,212.3,30.5,65.22,overcast clouds
2026-04-25,15:00,2026-04-25 15:00,2.17,98.0,204.3,30.4,62.37,overcast clouds
2026-04-25,16:00,2026-04-25 16:00,1.409,96.0,160.1,30.1,48.14,overcast clouds
2026-04-25,17:00,2026-04-25 17:00,0.679,91.0,96.3,29.6,27.63,overcast clouds
2026-04-25,18:00,2026-04-25 18:00,0.246,96.0,2.9,28.4,0.0,light rain
2026-04-25,19:00,2026-04-25 19:00,0.099,97.0,0.0,28.1,0.0,moderate rain
2026-04-25,20:00,2026-04-25 20:00,0.039,91.0,0.0,28.2,0.0,overcast clouds
2026-04-25,21:00,2026-04-25 21:00,0.0,79.0,0.0,28.1,0.0,broken clouds
2026-04-25,22:00,2026-04-25 22:00,0.006,68.0,0.0,27.9,0.0,broken clouds
2026-04-25,23:00,2026-04-25 23:00,0.09,62.0,0.0,27.8,0.0,light rain
2026-04-26,00:00,2026-04-26 00:00,0.0,20.0,0.0,27.9,0.0,few clouds
2026-04-26,01:00,2026-04-26 01:00,0.0,48.0,0.0,27.5,0.0,light rain
2026-04-26,02:00,2026-04-26 02:00,0.0,43.0,0.0,27.3,0.0,light rain
2026-04-26,03:00,2026-04-26 03:00,0.0,50.0,0.0,27.3,0.0,light rain
2026-04-26,04:00,2026-04-26 04:00,0.006,50.0,0.0,27.1,0.0,light rain
2026-04-26,05:00,2026-04-26 05:00,0.0,57.0,0.0,27.0,0.0,light rain
2026-04-26,06:00,2026-04-26 06:00,0.042,92.0,0.0,27.1,0.0,overcast clouds
2026-04-26,07:00,2026-04-26 07:00,0.497,73.0,106.3,27.9,30.45,broken clouds
2026-04-26,08:00,2026-04-26 08:00,1.578,57.0,349.6,28.8,104.46,broken clouds
2026-04-26,09:00,2026-04-26 09:00,3.0,45.0,593.3,29.9,173.85,scattered clouds
2026-04-26,10:00,2026-04-26 10:00,4.229,53.0,737.9,30.6,213.64,broken clouds
2026-04-26,11:00,2026-04-26 11:00,5.046,65.0,767.5,30.8,223.17,broken clouds
2026-04-26,12:00,2026-04-26 12:00,5.549,38.0,949.4,30.7,271.26,scattered clouds
2026-04-26,13:00,2026-04-26 13:00,5.798,43.0,908.6,30.0,262.85,scattered clouds
2026-04-26,14:00,2026-04-26 14:00,5.649,41.0,816.9,30.5,238.08,scattered clouds
2026-04-26,15:00,2026-04-26 15:00,4.84,44.0,648.7,30.6,191.44,scattered clouds
2026-04-26,16:00,2026-04-26 16:00,3.325,54.0,417.5,30.4,124.48,broken clouds
2026-04-26,17:00,2026-04-26 17:00,1.658,62.0,179.5,29.9,52.55,broken clouds
2026-04-26,18:00,2026-04-26 18:00,0.536,44.0,8.0,28.6,0.32,light rain
2026-04-26,19:00,2026-04-26 19:00,0.095,88.0,0.0,29.2,0.0,overcast clouds
2026-04-26,20:00,2026-04-26 20:00,0.0,77.0,0.0,29.0,0.0,light rain
2026-04-26,21:00,2026-04-26 21:00,0.0,66.0,0.0,28.7,0.0,broken clouds
2026-04-26,22:00,2026-04-26 22:00,0.0,57.0,0.0,28.4,0.0,broken clouds
2026-04-26,23:00,2026-04-26 23:00,0.0,49.0,0.0,28.3,0.0,scattered clouds
2026-04-27,00:00,2026-04-27 00:00,0.0,14.0,0.0,28.1,0.0,few clouds
2026-04-27,01:00,2026-04-27 01:00,0.004,14.0,0.0,28.0,0.0,few clouds
2026-04-27,02:00,2026-04-27 02:00,0.004,28.0,0.0,27.5,0.0,light rain
2026-04-27,03:00,2026-04-27 03:00,0.0,47.0,0.0,27.4,0.0,light rain
2026-04-27,04:00,2026-04-27 04:00,0.0,54.0,0.0,27.4,0.0,light rain
2026-04-27,05:00,2026-04-27 05:00,0.01,60.0,0.0,27.4,0.0,broken clouds
2026-04-27,06:00,2026-04-27 06:00,0.2,89.0,0.0,27.5,0.0,light rain
2026-04-27,07:00,2026-04-27 07:00,0.773,81.0,91.2,28.2,25.79,light rain
2026-04-27,08:00,2026-04-27 08:00,1.871,71.0,301.4,29.0,90.33,light rain
2026-04-27,09:00,2026-04-27 09:00,3.215,76.0,439.9,29.8,131.91,broken clouds
2026-04-27,10:00,2026-04-27 10:00,4.143,76.0,569.0,30.5,169.19,broken clouds
2026-04-27,11:00,2026-04-27 11:00,4.141,81.0,587.5,31.0,174.97,broken clouds
2026-04-27,12:00,2026-04-27 12:00,3.415,100.0,243.8,30.6,75.03,overcast clouds
2026-04-27,13:00,2026-04-27 13:00,2.852,100.0,236.9,30.7,72.82,overcast clouds
2026-04-27,14:00,2026-04-27 14:00,2.853,100.0,211.5,30.7,64.82,overcast clouds
2026-04-27,15:00,2026-04-27 15:00,2.796,93.0,280.9,30.6,85.46,overcast clouds
2026-04-27,16:00,2026-04-27 16:00,2.078,84.0,268.6,30.1,80.84,broken clouds
2026-04-27,17:00,2026-04-27 17:00,1.037,84.0,122.9,29.6,35.57,broken clouds
2026-04-27,18:00,2026-04-27 18:00,0.316,72.0,6.3,28.8,0.0,broken clouds
2026-04-27,19:00,2026-04-27 19:00,0.109,86.0,0.0,28.8,0.0,overcast clouds
2026-04-27,20:00,2026-04-27 20:00,0.074,88.0,0.0,28.6,0.0,overcast clouds
2026-04-27,21:00,2026-04-27 21:00,0.01,88.0,0.0,28.4,0.0,overcast clouds
2026-04-27,22:00,2026-04-27 22:00,0.0,86.0,0.0,28.0,0.0,light rain
2026-04-27,23:00,2026-04-27 23:00,0.0,79.0,0.0,28.0,0.0,broken clouds
2026-04-28,00:00,2026-04-28 00:00,0.0,96.0,0.0,27.8,0.0,overcast clouds
2026-04-28,01:00,2026-04-28 01:00,0.0,89.0,0.0,27.7,0.0,overcast clouds
2026-04-28,02:00,2026-04-28 02:00,0.0,93.0,0.0,27.6,0.0,overcast clouds
2026-04-28,03:00,2026-04-28 03:00,0.0,95.0,0.0,27.8,0.0,overcast clouds
2026-04-28,04:00,2026-04-28 04:00,0.0,92.0,0.0,27.6,0.0,light rain
2026-04-28,05:00,2026-04-28 05:00,0.004,93.0,0.0,27.3,0.0,light rain
2026-04-28,06:00,2026-04-28 06:00,0.213,58.0,0.0,27.6,0.0,broken clouds
2026-04-28,07:00,2026-04-28 07:00,0.897,48.0,135.7,28.4,39.07,scattered clouds
2026-04-28,08:00,2026-04-28 08:00,2.167,62.0,335.6,29.2,100.41,broken clouds
2026-04-28,09:00,2026-04-28 09:00,3.585,64.0,521.2,29.8,155.51,broken clouds
2026-04-28,10:00,2026-04-28 10:00,4.223,62.0,687.3,30.2,202.43,broken clouds
2026-04-28,11:00,2026-04-28 11:00,3.68,92.0,403.0,30.3,122.99,overcast clouds
2026-04-28,12:00,2026-04-28 12:00,2.728,100.0,243.4,30.3,75.06,overcast clouds
2026-04-28,13:00,2026-04-28 13:00,2.451,100.0,236.5,30.4,72.8,overcast clouds
2026-04-28,14:00,2026-04-28 14:00,2.765,100.0,211.1,30.6,64.69,overcast clouds
2026-04-28,15:00,2026-04-28 15:00,2.69,87.0,360.8,30.3,109.28,overcast clouds
2026-04-28,16:00,2026-04-28 16:00,1.862,75.0,328.7,30.1,98.45,broken clouds
2026-04-28,17:00,2026-04-28 17:00,0.864,67.0,169.1,29.6,49.36,broken clouds
2026-04-28,18:00,2026-04-28 18:00,0.238,86.0,4.6,28.5,0.0,overcast clouds
2026-04-28,19:00,2026-04-28 19:00,0.076,70.0,0.0,28.4,0.0,broken clouds
2026-04-28,20:00,2026-04-28 20:00,0.065,61.0,0.0,28.3,0.0,broken clouds
2026-04-28,21:00,2026-04-28 21:00,0.016,71.0,0.0,28.1,0.0,light rain
2026-04-28,22:00,2026-04-28 22:00,0.0,76.0,0.0,28.2,0.0,broken clouds
2026-04-28,23:00,2026-04-28 23:00,0.0,90.0,0.0,28.5,0.0,overcast clouds
2026-04-29,00:00,2026-04-29 00:00,0.0,54.0,0.0,28.1,0.0,moderate rain
2026-04-29,01:00,2026-04-29 01:00,0.0,61.0,0.0,27.9,0.0,light rain
2026-04-29,02:00,2026-04-29 02:00,0.0,75.0,0.0,28.0,0.0,broken clouds
2026-04-29,03:00,2026-04-29 03:00,0.006,81.0,0.0,28.0,0.0,light rain
2026-04-29,04:00,2026-04-29 04:00,0.021,85.0,0.0,28.0,0.0,light rain
2026-04-29,05:00,2026-04-29 05:00,0.003,100.0,0.0,28.2,0.0,light rain
2026-04-29,06:00,2026-04-29 06:00,0.066,100.0,0.0,28.2,0.0,overcast clouds
2026-04-29,07:00,2026-04-29 07:00,0.298,94.0,57.0,29.0,15.31,overcast clouds
2026-04-29,08:00,2026-04-29 08:00,0.726,97.0,127.6,29.6,37.74,light rain
2026-04-29,09:00,2026-04-29 09:00,1.373,98.0,186.9,29.8,56.75,light rain
2026-04-29,10:00,2026-04-29 10:00,2.021,100.0,201.4,29.8,61.71,moderate rain
2026-04-29,11:00,2026-04-29 11:00,2.283,98.0,277.3,30.2,85.15,moderate rain
2026-04-29,12:00,2026-04-29 12:00,2.249,100.0,243.1,30.6,74.71,overcast clouds
2026-04-29,13:00,2026-04-29 13:00,2.521,100.0,236.0,30.6,72.5,overcast clouds
2026-04-29,14:00,2026-04-29 14:00,3.191,100.0,210.7,30.7,64.45,overcast clouds
2026-04-29,15:00,2026-04-29 15:00,3.451,84.0,395.6,30.6,119.08,broken clouds
2026-04-29,16:00,2026-04-29 16:00,2.762,14.0,456.3,30.6,134.89,few clouds
2026-04-29,17:00,2026-04-29 17:00,1.587,13.0,208.6,30.2,60.74,few clouds
2026-04-29,18:00,2026-04-29 18:00,0.619,35.0,8.1,29.4,0.33,scattered clouds
2026-04-29,19:00,2026-04-29 19:00,0.145,35.0,0.0,29.1,0.0,scattered clouds
2026-04-29,20:00,2026-04-29 20:00,0.025,57.0,0.0,28.9,0.0,broken clouds
2026-04-29,21:00,2026-04-29 21:00,0.0,55.0,0.0,28.8,0.0,broken clouds
2026-04-29,22:00,2026-04-29 22:00,0.0,65.0,0.0,28.9,0.0,broken clouds
2026-04-29,23:00,2026-04-29 23:00,0.0,71.0,0.0,28.8,0.0,light rain
2026-04-30,00:00,2026-04-30 00:00,0.0,100.0,0.0,28.6,0.0,overcast clouds
2026-04-30,01:00,2026-04-30 01:00,0.0,100.0,0.0,28.5,0.0,overcast clouds
2026-04-30,02:00,2026-04-30 02:00,0.0,100.0,0.0,28.4,0.0,overcast clouds
2026-04-30,03:00,2026-04-30 03:00,0.0,100.0,0.0,28.3,0.0,overcast clouds
2026-04-30,04:00,2026-04-30 04:00,0.0,100.0,0.0,28.3,0.0,light rain
2026-04-30,05:00,2026-04-30 05:00,0.0,100.0,0.0,28.2,0.0,overcast clouds
2026-04-30,06:00,2026-04-30 06:00,0.016,99.0,0.0,28.3,0.0,light rain
2026-04-30,07:00,2026-04-30 07:00,0.163,99.0,40.2,29.1,10.18,overcast clouds
2026-04-30,08:00,2026-04-30 08:00,0.56,100.0,98.5,30.0,28.71,overcast clouds
2026-04-30,09:00,2026-04-30 09:00,1.349,98.0,186.8,30.6,56.43,overcast clouds
2026-04-30,10:00,2026-04-30 10:00,2.281,99.0,221.4,31.0,67.45,overcast clouds
2026-04-30,11:00,2026-04-30 11:00,2.807,93.0,382.4,31.2,116.01,overcast clouds
2026-04-30,12:00,2026-04-30 12:00,2.892,100.0,242.7,31.4,74.29,overcast clouds
2026-04-30,13:00,2026-04-30 13:00,3.124,99.0,259.4,31.6,79.26,overcast clouds
2026-04-30,14:00,2026-04-30 14:00,3.611,94.0,330.0,31.4,100.22,overcast clouds
2026-04-30,15:00,2026-04-30 15:00,3.626,86.0,371.5,31.0,111.98,overcast clouds
2026-04-30,16:00,2026-04-30 16:00,2.775,74.0,332.9,30.4,99.47,broken clouds
2026-04-30,17:00,2026-04-30 17:00,1.571,71.0,159.5,29.9,46.24,broken clouds
2026-04-30,18:00,2026-04-30 18:00,0.621,26.0,8.2,29.3,0.35,scattered clouds
2026-04-30,19:00,2026-04-30 19:00,0.136,41.0,0.0,29.1,0.0,scattered clouds
2026-04-30,20:00,2026-04-30 20:00,0.0,40.0,0.0,28.8,0.0,light rain
2026-04-30,21:00,2026-04-30 21:00,0.0,40.0,0.0,28.6,0.0,light rain
2026-04-30,22:00,2026-04-30 22:00,0.0,36.0,0.0,28.4,0.0,moderate rain
2026-04-30,23:00,2026-04-30 23:00,0.0,45.0,0.0,28.2,0.0,light rain
2026-05-01,00:00,2026-05-01 00:00,0.025,81.0,0.0,28.1,0.0,light rain
2026-05-01,01:00,2026-05-01 01:00,0.026,90.0,0.0,27.9,0.0,moderate rain
2026-05-01,02:00,2026-05-01 02:00,0.015,94.0,0.0,27.6,0.0,moderate rain
2026-05-01,03:00,2026-05-01 03:00,0.012,95.0,0.0,27.5,0.0,moderate rain
2026-05-01,04:00,2026-05-01 04:00,0.007,96.0,0.0,27.8,0.0,light rain
2026-05-01,05:00,2026-05-01 05:00,0.0,97.0,0.0,27.9,0.0,overcast clouds
2026-05-01,06:00,2026-05-01 06:00,0.025,100.0,0.0,28.0,0.0,light rain
2026-05-01,07:00,2026-05-01 07:00,0.238,100.0,36.6,28.7,9.1,light rain
2026-05-01,08:00,2026-05-01 08:00,0.667,100.0,98.6,29.3,28.76,light rain
2026-05-01,09:00,2026-05-01 09:00,1.312,100.0,155.7,29.6,47.05,light rain
2026-05-01,10:00,2026-05-01 10:00,1.966,100.0,200.9,29.9,61.45,light rain
2026-05-01,11:00,2026-05-01 11:00,2.318,100.0,230.6,30.5,70.66,light rain
2026-05-01,12:00,2026-05-01 12:00,2.363,100.0,242.3,30.6,74.34,light rain
2026-05-01,13:00,2026-05-01 13:00,2.39,100.0,235.2,29.8,72.32,moderate rain
2026-05-01,14:00,2026-05-01 14:00,2.349,100.0,209.9,30.0,64.24,moderate rain
2026-05-01,15:00,2026-05-01 15:00,1.872,100.0,168.2,30.1,50.94,light rain
2026-05-01,16:00,2026-05-01 16:00,1.06,100.0,113.7,29.9,33.51,overcast clouds
2026-05-01,17:00,2026-05-01 17:00,0.437,100.0,51.9,29.5,13.86,overcast clouds
2026-05-01,18:00,2026-05-01 18:00,0.187,100.0,2.1,29.3,0.0,overcast clouds
2026-05-01,19:00,2026-05-01 19:00,0.11,100.0,0.0,29.0,0.0,overcast clouds
2026-05-01,20:00,2026-05-01 20:00,0.04,100.0,0.0,28.9,0.0,light rain
2026-05-01,21:00,2026-05-01 21:00,0.0,100.0,0.0,29.0,0.0,overcast clouds
2026-05-01,22:00,2026-05-01 22:00,0.032,100.0,0.0,28.8,0.0,overcast clouds
2026-05-01,23:00,2026-05-01 23:00,0.139,90.0,0.0,28.5,0.0,overcast clouds
2026-05-02,00:00,2026-05-02 00:00,0.098,100.0,0.0,28.4,0.0,overcast clouds
2026-05-02,01:00,2026-05-02 01:00,0.084,100.0,0.0,28.0,0.0,light rain
2026-05-02,02:00,2026-05-02 02:00,0.114,100.0,0.0,27.7,0.0,light rain
2026-05-02,03:00,2026-05-02 03:00,0.236,100.0,0.0,27.8,0.0,light rain
2026-05-02,04:00,2026-05-02 04:00,0.382,100.0,0.0,27.8,0.0,overcast clouds
2026-05-02,05:00,2026-05-02 05:00,0.439,100.0,0.0,27.6,0.0,light rain
2026-05-02,06:00,2026-05-02 06:00,0.531,100.0,0.0,27.5,0.0,light rain
2026-05-02,07:00,2026-05-02 07:00,0.756,100.0,36.8,28.3,9.15,light rain
2026-05-02,08:00,2026-05-02 08:00,0.891,100.0,98.6,29.0,28.79,overcast clouds
2026-05-02,09:00,2026-05-02 09:00,0.826,100.0,155.5,29.6,47.0,light rain
2026-05-02,10:00,2026-05-02 10:00,0.694,,,,,
2026-05-02,11:00,2026-05-02 11:00,0.523,,,,,
2026-05-02,12:00,2026-05-02 12:00,0.323,,,,,
2026-05-02,13:00,2026-05-02 13:00,0.214,,,,,
2026-05-02,14:00,2026-05-02 14:00,0.235,,,,,
2026-05-02,15:00,2026-05-02 15:00,0.275,,,,,
2026-05-02,16:00,2026-05-02 16:00,0.299,,,,,
2026-05-02,17:00,2026-05-02 17:00,0.345,,,,,
2026-05-02,18:00,2026-05-02 18:00,0.417,,,,,
2026-05-02,19:00,2026-05-02 19:00,0.495,,,,,
2026-05-02,20:00,2026-05-02 20:00,0.471,,,,,
2026-05-02,21:00,2026-05-02 21:00,0.319,,,,,
2026-05-02,22:00,2026-05-02 22:00,0.166,,,,,
2026-05-02,23:00,2026-05-02 23:00,0.123,,,,,
